Epoch,Train Loss,Val Loss
0,29.229039844002653,0.0
1,266.8430934178995,0.0
2,297.4358291703955,1.6246001823113085e-05
3,179.35205703903202,0.0
